event_id,station,p_t,p_prob,s_t,s_prob
texnet2024uznp,CW01,2024-10-25 13:58:44.517000,0.025,no pick,no pick
texnet2024uznp,GV02,2024-10-25 13:58:46.541000,0.004,no pick,no pick
texnet2024uznp,GV03,2024-10-25 13:58:45.279000,0.147,no pick,no pick
texnet2024uznp,MBBB6,2024-10-25 13:58:47.656000,0.006999999999999999,no pick,no pick
texnet2024uznp,POST,2024-10-25 13:59:14.760000,0.095,2024-10-25 13:59:16.020000,0.362
texnet2024uzno,OZNA,2024-10-25 13:57:31.135000,0.025,no pick,no pick
texnet2024uzno,POST,2024-10-25 13:58:24.275000,0.003,no pick,no pick
texnet2024uznd,CW01,2024-10-25 13:43:14.317000,0.16,no pick,no pick
texnet2024uznd,MB03,2024-10-25 13:43:14.394500,0.001,no pick,no pick
texnet2024uznd,MB18,2024-10-25 13:43:14.615000,0.001,no pick,no pick
texnet2024uznd,MBBB6,2024-10-25 13:43:15.348000,0.005,no pick,no pick
texnet2024uznd,SN02,2024-10-25 13:43:15.320000,0.003,no pick,no pick
texnet2024uzna,BB01,2024-10-25 13:40:44.955000,0.004,no pick,no pick
texnet2024uzna,HP02,2024-10-25 13:40:44.094940,0.001,no pick,no pick
texnet2024uzna,MB23,2024-10-25 13:40:44.405500,0.008,2024-10-25 13:41:20.745500,0.025
texnet2024uzna,POST,2024-10-25 13:40:44.105000,0.113,no pick,no pick
texnet2024uzmn,MB05,2024-10-25 13:25:51.238500,0.023,no pick,no pick
texnet2024uzmn,MBBB5,2024-10-25 13:25:51.064000,0.023,no pick,no pick
texnet2024uzml,HP01,2024-10-25 13:23:52.483804,0.001,no pick,no pick
texnet2024uzml,MBBB5,2024-10-25 13:23:56.732000,0.003,2024-10-25 13:24:10.232000,0.299
texnet2024uzml,MG01,2024-10-25 13:23:50.949915,0.07200000000000001,no pick,no pick
texnet2024uzml,SGCY,2024-10-25 13:23:50.945000,0.044000000000000004,no pick,no pick
texnet2024uzmi,CF01,2024-10-25 13:20:27.095000,0.003,no pick,no pick
texnet2024uzmi,GV03,2024-10-25 13:20:26.239000,0.401,no pick,no pick
texnet2024uzmi,MB03,2024-10-25 13:20:27.274500,0.013999999999999999,no pick,no pick
texnet2024uzmi,MB11,2024-10-25 13:20:27.530000,0.737,no pick,no pick
texnet2024uzmi,MBBB4,2024-10-25 13:20:28.544000,0.004,no pick,no pick
texnet2024uzmi,VW01,2024-10-25 13:20:25.371000,0.036000000000000004,no pick,no pick
texnet2024uzly,HP01,2024-10-25 13:11:18.064295,0.002,no pick,no pick
texnet2024uzly,MB03,2024-10-25 13:11:17.254500,0.019,no pick,no pick
texnet2024uzly,MB07,2024-10-25 13:11:17.448000,0.759,no pick,no pick
texnet2024uzly,MB11,2024-10-25 13:11:17.210000,0.444,2024-10-25 13:11:25.280000,0.038
texnet2024uzly,MID02,2024-10-25 13:11:17.110000,0.054000000000000006,2024-10-25 13:11:26.460000,0.04
texnet2024uzly,MID03,2024-10-25 13:11:17.780000,0.005,no pick,no pick
texnet2024uzly,OP01,2024-10-25 13:11:15.905000,0.043,no pick,no pick
texnet2024uzlo,MB04,2024-10-25 12:56:33.096000,0.015,no pick,no pick
texnet2024uzlo,SGCY,2024-10-25 12:56:33.325000,0.006,2024-10-25 12:56:47.235000,0.027
texnet2024uzlo,SM02,2024-10-25 12:56:31.039000,0.11699999999999999,no pick,no pick
texnet2024uzlo,SM03,2024-10-25 12:56:31.037000,0.807,no pick,no pick
texnet2024uysk,BB01,2024-10-25 03:16:13.495000,0.023,no pick,no pick
texnet2024uysk,HP01,2024-10-25 03:16:13.845826,0.7879999999999999,no pick,no pick
texnet2024uysk,MB21,2024-10-25 03:16:15.730000,0.013000000000000001,2024-10-25 03:16:26.680000,0.339
texnet2024uysk,ODSA,2024-10-25 03:16:15.140000,0.003,no pick,no pick
texnet2024uynr,HP01,2024-10-25 00:52:33.930011,0.032,no pick,no pick
texnet2024uynr,MB03,2024-10-25 00:52:33.744500,0.253,no pick,no pick
texnet2024uykv,MB11,2024-10-24 23:26:26.180000,0.002,2024-10-24 23:26:59.590000,0.062
texnet2024uykv,POST,2024-10-24 23:26:28.380000,0.003,no pick,no pick
texnet2024uykv,SD01,2024-10-24 23:26:25.947000,0.155,no pick,no pick
texnet2024uyjj,BB01,2024-10-24 22:42:00.775000,0.005,no pick,no pick
texnet2024uyjj,BW01,2024-10-24 22:42:00.021000,0.039,no pick,no pick
texnet2024uyjj,BW01,2024-10-24 22:42:41.021000,0.004,no pick,no pick
texnet2024uyjj,GV04,2024-10-24 22:42:00.603000,0.44799999999999995,2024-10-24 22:42:05.463000,0.268
texnet2024uyjj,MB18,2024-10-24 22:42:03.055000,0.003,no pick,no pick
texnet2024uyjj,MBBB3,2024-10-24 22:42:03.560000,0.003,no pick,no pick
texnet2024uyjj,SM04,2024-10-24 22:42:01.205000,0.672,2024-10-24 22:42:43.065000,0.334
texnet2024uyjj,SN02,2024-10-24 22:42:02.330000,0.001,no pick,no pick
texnet2024uxwh,CF01,2024-10-24 16:05:04.555000,0.084,no pick,no pick
texnet2024uxwh,MB11,2024-10-24 16:05:06.160000,0.068,2024-10-24 16:05:43.370000,0.233
texnet2024uxwh,ODSA,2024-10-24 16:05:07.330000,0.038,2024-10-24 16:05:08.480000,0.258
texnet2024uxwh,OZNA,2024-10-24 16:05:06.255000,0.332,no pick,no pick
texnet2024uxwh,SGCY,2024-10-24 16:05:06.815000,0.153,no pick,no pick
texnet2024uxwh,VW01,2024-10-24 16:05:03.991000,0.017,2024-10-24 16:05:07.621000,0.024
texnet2024uxpw,MB04,2024-10-24 12:50:52.856000,0.052000000000000005,no pick,no pick
texnet2024uxpw,MB11,2024-10-24 12:50:52.220000,0.08199999999999999,no pick,no pick
texnet2024uxpw,MNHN,2024-10-24 12:50:52.170000,0.03,2024-10-24 12:50:55.380000,0.054
texnet2024uvyd,MB13,2024-10-23 14:46:00.310000,0.018000000000000002,no pick,no pick
texnet2024uvyd,MB18,2024-10-23 14:46:01.310000,0.001,no pick,no pick
texnet2024uvyd,POST,2024-10-23 14:46:01.185000,0.452,no pick,no pick
texnet2024uvxx,MB04,2024-10-23 14:37:36.696000,0.042,2024-10-23 14:37:38.486000,0.204
texnet2024uvxx,MB11,2024-10-23 14:37:36.610000,0.002,no pick,no pick
texnet2024uvxx,MBBB4,2024-10-23 14:37:37.560000,0.006,no pick,no pick
texnet2024uvxx,MBBB5,2024-10-23 14:37:37.340000,0.022000000000000002,no pick,no pick
texnet2024uvxx,OZNA,2024-10-23 14:37:36.675000,0.006,no pick,no pick
texnet2024uvxx,SGCY,2024-10-23 14:37:36.635000,0.005,no pick,no pick
texnet2024uvxx,VW01,2024-10-23 14:37:34.771000,0.069,no pick,no pick
texnet2024uvxu,GV03,2024-10-23 14:35:37.149000,0.001,2024-10-23 14:35:39.949000,0.111
texnet2024uvxu,MB02,2024-10-23 14:35:37.194500,0.05,no pick,no pick
texnet2024uvxu,MB04,2024-10-23 14:35:38.200000,0.017,no pick,no pick
texnet2024uvxu,MB21,2024-10-23 14:36:26.940000,0.021,2024-10-23 14:36:14.130000,0.637
texnet2024uvxu,MB23,2024-10-23 14:35:37.441500,0.005,no pick,no pick
texnet2024uvxu,ODSA,2024-10-23 14:35:37.430000,0.031,no pick,no pick
texnet2024uvxu,OZNA,2024-10-23 14:35:37.115000,0.008,2024-10-23 14:35:50.405000,0.146
texnet2024uvxu,VW01,2024-10-23 14:35:36.391000,0.028999999999999998,2024-10-23 14:36:22.351000,0.514
texnet2024uvxr,BB01,2024-10-23 14:31:46.555000,0.001,no pick,no pick
texnet2024uvxr,GV01,2024-10-23 14:31:44.107000,0.389,no pick,no pick
texnet2024uvxr,MB01,2024-10-23 14:31:47.519500,0.006,no pick,no pick
texnet2024uvxr,MB04,2024-10-23 14:31:46.668000,0.002,no pick,no pick
texnet2024uvxr,MB16,2024-10-23 14:31:43.980000,0.01,no pick,no pick
texnet2024uvxr,MB22,2024-10-23 14:31:46.270000,0.027999999999999997,no pick,no pick
texnet2024uvxs,HP02,2024-10-23 14:21:14.050838,0.059000000000000004,no pick,no pick
texnet2024uvxs,MB11,2024-10-23 14:21:15.120000,0.26,2024-10-23 14:21:23.360000,0.096
texnet2024uvxs,MBBB5,2024-10-23 14:21:17.940000,0.133,2024-10-23 14:21:25.570000,0.227
texnet2024uvxs,SM03,2024-10-23 14:21:13.959000,0.02,no pick,no pick
texnet2024uvxs,SN09,2024-10-23 14:21:17.675000,0.003,no pick,no pick
texnet2024uvuf,BB01,2024-10-23 12:46:50.895000,0.028999999999999998,2024-10-23 12:46:54.445000,0.146
texnet2024uvuf,MBBB4,2024-10-23 12:46:53.260000,0.015,no pick,no pick
texnet2024uvuf,MO01,2024-10-23 12:46:51.219000,0.005,2024-10-23 12:46:58.169000,0.058
texnet2024uvuf,ODSA,2024-10-23 12:46:51.915000,0.002,no pick,no pick
texnet2024uvuf,OP01,2024-10-23 12:46:51.149000,0.036000000000000004,no pick,no pick
texnet2024uvuf,SM02,2024-10-23 12:46:51.129000,0.006999999999999999,no pick,no pick
texnet2024uvdl,GV03,2024-10-23 04:18:38.259000,0.002,no pick,no pick
texnet2024uvdl,MB18,2024-10-23 04:18:40.375000,0.078,no pick,no pick
texnet2024uvdl,ODSA,2024-10-23 04:18:40.115000,0.004,no pick,no pick
texnet2024uvdl,OP01,2024-10-23 04:18:38.049000,0.106,2024-10-23 04:18:52.279000,0.045
texnet2024uvdl,SM02,2024-10-23 04:18:37.959000,0.134,no pick,no pick
texnet2024uvdl,YK01,2024-10-23 04:18:42.062000,0.004,no pick,no pick
texnet2024uvco,MB06,2024-10-23 03:51:36.413500,0.013000000000000001,no pick,no pick
texnet2024uvco,MBBB4,2024-10-23 03:51:37.440000,0.004,no pick,no pick
texnet2024uvco,MID03,2024-10-23 03:51:36.730000,0.001,no pick,no pick
texnet2024uuxe,MB01,2024-10-23 01:06:32.257500,0.006,no pick,no pick
texnet2024uuxe,MB02,2024-10-23 01:06:31.964500,0.804,2024-10-23 01:07:07.534500,0.654
texnet2024uuxe,MB04,2024-10-23 01:06:33.136000,0.07200000000000001,2024-10-23 01:07:03.326000,0.151
texnet2024uuxe,MB18,2024-10-23 01:06:33.065000,0.067,2024-10-23 01:06:39.565000,0.038
texnet2024uuxe,MID02,2024-10-23 01:06:32.015000,0.22,2024-10-23 01:07:06.045000,0.086
texnet2024uuxe,ODSA,2024-10-23 01:06:32.330000,0.6940000000000001,2024-10-23 01:06:55.480000,0.348
texnet2024uuxb,MB02,2024-10-23 01:02:27.954500,0.14400000000000002,no pick,no pick
texnet2024uuxb,MB04,2024-10-23 01:02:27.544000,0.21899999999999997,2024-10-23 01:02:32.034000,0.095
texnet2024uuxb,ODSA,2024-10-23 01:02:27.180000,0.003,no pick,no pick
texnet2024uuxb,SM03,2024-10-23 01:02:27.189000,0.002,no pick,no pick
texnet2024uuxb,SN02,2024-10-23 01:02:27.085000,0.01,no pick,no pick
texnet2024uuwx,GV03,2024-10-23 01:00:05.599000,0.032,no pick,no pick
texnet2024uuwx,MB11,2024-10-23 01:00:10.080000,0.273,no pick,no pick
texnet2024uuwx,MB18,2024-10-23 01:00:07.795000,0.04,no pick,no pick
texnet2024uuwx,MB22,2024-10-23 01:00:08.220000,0.006999999999999999,no pick,no pick
texnet2024uuqe,MB07,2024-10-22 21:35:56.784000,0.07200000000000001,no pick,no pick
texnet2024uuqe,MB11,2024-10-22 21:35:56.230000,0.078,2024-10-22 21:36:00.020000,0.274
texnet2024uuqe,MB16,2024-10-22 21:35:54.010000,0.027000000000000003,no pick,no pick
texnet2024uuqe,MB18,2024-10-22 21:35:56.010000,0.013999999999999999,no pick,no pick
texnet2024uuqe,MID02,2024-10-22 21:35:56.125000,0.003,no pick,no pick
texnet2024uuqe,MO01,2024-10-22 21:35:54.659000,0.19,2024-10-22 21:36:32.689000,0.091
texnet2024uuqe,SN02,2024-10-22 21:35:56.455000,0.239,no pick,no pick
texnet2024uupo,MB02,2024-10-22 21:16:41.454500,0.012,no pick,no pick
texnet2024uupo,MB21,2024-10-22 21:16:41.050000,0.413,2024-10-22 21:17:21.540000,0.03
texnet2024uupo,ODSA,2024-10-22 21:16:41.120000,0.001,2024-10-22 21:16:45.160000,0.046
texnet2024uupo,OP01,2024-10-22 21:16:38.989000,0.002,2024-10-22 21:16:47.579000,0.031
texnet2024uupo,POST,2024-10-22 21:16:41.255000,0.096,no pick,no pick
texnet2024uupo,YK01,2024-10-22 21:16:42.108000,0.008,no pick,no pick
texnet2024uuky,MB03,2024-10-22 18:49:39.512500,0.107,no pick,no pick
texnet2024uuky,MBBB5,2024-10-22 18:49:40.132000,0.08900000000000001,no pick,no pick
texnet2024uuky,SN09,2024-10-22 18:49:40.375000,0.008,2024-10-22 18:49:50.705000,0.074
texnet2024uuic,MB03,2024-10-22 17:31:35.022500,0.102,no pick,no pick
texnet2024uuic,MB21,2024-10-22 17:32:27.140000,0.003,2024-10-22 17:32:11.900000,0.218
texnet2024uuic,SGCY,2024-10-22 17:31:35.255000,0.008,no pick,no pick
texnet2024uuic,SN09,2024-10-22 17:31:35.015000,0.013999999999999999,no pick,no pick
texnet2024uuee,MB09,2024-10-22 15:29:51.680000,0.032,no pick,no pick
texnet2024uuee,MB11,2024-10-22 15:29:53.460000,0.002,no pick,no pick
texnet2024uuee,SGCY,2024-10-22 15:29:53.905000,0.09,no pick,no pick
texnet2024uuea,CW01,2024-10-22 15:26:37.537000,0.228,no pick,no pick
texnet2024uuea,MB03,2024-10-22 15:26:39.159500,0.40399999999999997,no pick,no pick
texnet2024uuea,MB05,2024-10-22 15:26:39.756500,0.015,no pick,no pick
texnet2024uuea,MB22,2024-10-22 15:26:39.060000,0.03,no pick,no pick
texnet2024uuea,SM04,2024-10-22 15:26:37.845000,0.01,no pick,no pick
texnet2024uuea,YK01,2024-10-22 15:26:41.064000,0.001,no pick,no pick
texnet2024uucd,GV03,2024-10-22 14:30:21.299000,0.002,no pick,no pick
texnet2024uucd,MB21,2024-10-22 14:30:22.460000,0.001,no pick,no pick
texnet2024uucd,MBBB4,2024-10-22 14:30:23.276000,0.002,no pick,no pick
texnet2024uucd,OZNA,2024-10-22 14:30:22.805000,0.003,no pick,no pick
texnet2024uucd,SM03,2024-10-22 14:30:20.119000,0.009000000000000001,no pick,no pick
texnet2024uucd,SN02,2024-10-22 14:30:22.175000,0.001,no pick,no pick
texnet2024ujak,MB04,2024-10-16 13:08:27.396000,0.042,no pick,no pick
texnet2024ujak,MNHN,2024-10-16 13:08:28.500000,0.018000000000000002,no pick,no pick
texnet2024ujak,OP01,2024-10-16 13:08:28.449000,0.002,no pick,no pick
texnet2024ujak,SD01,2024-10-16 13:08:26.983000,0.024,no pick,no pick
texnet2024uivh,CW01,2024-10-16 10:32:09.221000,0.033,no pick,no pick
texnet2024uivh,MB06,2024-10-16 10:32:09.337500,0.001,no pick,no pick
texnet2024uivh,MB18,2024-10-16 10:32:09.070000,0.045,no pick,no pick
texnet2024uivh,MNHN,2024-10-16 10:32:09.245000,0.002,no pick,no pick
texnet2024uivh,SM03,2024-10-16 10:32:12.599000,0.002,no pick,no pick
texnet2024uivh,SN02,2024-10-16 10:32:09.815000,0.08,no pick,no pick
texnet2024uitf,HP01,2024-10-16 09:30:26.455168,0.174,no pick,no pick
texnet2024uitf,MB09,2024-10-16 09:30:26.540000,0.255,2024-10-16 09:30:35.350000,0.094
texnet2024uitf,POST,2024-10-16 09:30:28.155000,0.006,no pick,no pick
texnet2024uiew,HP01,2024-10-16 02:15:58.042850,0.01,no pick,no pick
texnet2024uiew,MB05,2024-10-16 02:15:58.192500,0.028999999999999998,no pick,no pick
texnet2024uiew,MB22,2024-10-16 02:15:57.230000,0.502,no pick,no pick
texnet2024uiew,SN02,2024-10-16 02:15:58.160000,0.001,no pick,no pick
texnet2024uiew,YK01,2024-10-16 02:15:57.444000,0.004,no pick,no pick
texnet2024uicp,BB01,2024-10-16 01:06:00.887000,0.002,2024-10-16 01:06:07.997000,0.175
texnet2024uicp,MB03,2024-10-16 01:06:02.852500,0.26,no pick,no pick
texnet2024uicp,MB04,2024-10-16 01:06:03.110000,0.078,no pick,no pick
texnet2024uicp,MB09,2024-10-16 01:06:39.380000,0.047,2024-10-16 01:06:41.730000,0.492
texnet2024uicp,SD01,2024-10-16 01:06:00.223000,0.046,2024-10-16 01:06:03.093000,0.109
texnet2024uicm,GV03,2024-10-16 01:02:59.257000,0.002,no pick,no pick
texnet2024uicm,MO01,2024-10-16 01:02:59.483000,0.011000000000000001,2024-10-16 01:03:05.173000,0.043
texnet2024uicm,SD01,2024-10-16 01:02:58.943000,0.8240000000000001,2024-10-16 01:03:12.273000,0.071
texnet2024uicm,SN02,2024-10-16 01:03:01.430000,0.053,no pick,no pick
texnet2024uicj,MB05,2024-10-16 00:59:31.712500,0.122,no pick,no pick
texnet2024uicj,MB22,2024-10-16 00:59:31.010000,0.662,no pick,no pick
texnet2024uicj,SN02,2024-10-16 00:59:31.310000,0.085,no pick,no pick
texnet2024uhzx,GV03,2024-10-15 23:45:59.437000,0.013999999999999999,no pick,no pick
texnet2024uhzx,MB03,2024-10-15 23:45:58.458500,0.015,no pick,no pick
texnet2024uhzx,ODSA,2024-10-15 23:45:58.420000,0.061,no pick,no pick
texnet2024uhzx,SN02,2024-10-15 23:45:58.565000,0.151,2024-10-15 23:46:26.075000,0.229
texnet2024uhya,GV03,2024-10-15 22:48:03.317000,0.29100000000000004,no pick,no pick
texnet2024uhya,MB07,2024-10-15 22:48:04.944000,0.027000000000000003,no pick,no pick
texnet2024uhya,MNHN,2024-10-15 22:48:04.715000,0.026000000000000002,no pick,no pick
texnet2024uhxv,BW01,2024-10-15 22:41:41.879000,0.10400000000000001,no pick,no pick
texnet2024uhxv,MB05,2024-10-15 22:41:44.462500,0.098,no pick,no pick
texnet2024uhxv,MBBB4,2024-10-15 22:41:45.608000,0.004,2024-10-15 22:41:55.698000,0.38
texnet2024uhxv,OP01,2024-10-15 22:41:43.035000,0.8320000000000001,2024-10-15 22:42:28.265000,0.29
texnet2024uhxv,SM03,2024-10-15 22:41:43.309000,0.106,no pick,no pick
texnet2024uhwq,DKNS,2024-10-15 22:05:27.520000,0.278,2024-10-15 22:06:15.140000,0.418
texnet2024uhwq,GV04,2024-10-15 22:05:25.859000,0.1,2024-10-15 22:06:18.979000,0.105
texnet2024uhwq,MB03,2024-10-15 22:05:27.098500,0.27899999999999997,no pick,no pick
texnet2024uhwq,MO01,2024-10-15 22:05:23.103000,0.042,no pick,no pick
texnet2024uhwq,SM04,2024-10-15 22:05:28.279000,0.027999999999999997,no pick,no pick
texnet2024ufjw,MB05,2024-10-14 13:20:54.139500,0.828,no pick,no pick
texnet2024ufjw,OP01,2024-10-14 13:20:53.867000,0.002,no pick,no pick
texnet2024ufiq,GV03,2024-10-14 12:44:44.437000,0.149,no pick,no pick
texnet2024ufiq,HP01,2024-10-14 12:44:46.040314,0.013000000000000001,no pick,no pick
texnet2024ufiq,MB04,2024-10-14 12:44:46.572000,0.001,2024-10-14 12:44:55.782000,0.039
texnet2024ufiq,MB09,2024-10-14 12:44:44.520000,0.032,no pick,no pick
texnet2024ufiq,MID03,2024-10-14 12:44:46.595000,0.059000000000000004,no pick,no pick
texnet2024ufiq,SGCY,2024-10-14 12:44:46.715000,0.037000000000000005,no pick,no pick
texnet2024ufif,MB03,2024-10-14 12:32:33.088500,0.13,no pick,no pick
texnet2024ufif,MB11,2024-10-14 12:32:30.110000,0.171,no pick,no pick
texnet2024ufif,SGCY,2024-10-14 12:32:32.305000,0.3,no pick,no pick
texnet2024ufif,SN09,2024-10-14 12:32:32.285000,0.003,no pick,no pick
texnet2024uffj,MB16,2024-10-14 11:05:43.880000,0.006999999999999999,no pick,no pick
texnet2024uffj,MBBB4,2024-10-14 11:05:46.496000,0.023,no pick,no pick
texnet2024uffj,MID03,2024-10-14 11:05:45.225000,0.009000000000000001,no pick,no pick
texnet2024uffj,MNHN,2024-10-14 11:05:45.395000,0.042,2024-10-14 11:06:14.245000,0.025
texnet2024ueex,MB04,2024-10-13 21:44:09.540000,0.145,no pick,no pick
texnet2024ueex,MB06,2024-10-13 21:44:09.016500,0.003,no pick,no pick
texnet2024ueex,SM03,2024-10-13 21:44:08.039000,0.526,no pick,no pick
texnet2024udyv,GV04,2024-10-13 18:42:15.139000,0.002,no pick,no pick
texnet2024udyv,MB02,2024-10-13 18:42:16.271500,0.006999999999999999,no pick,no pick
texnet2024udyv,MB04,2024-10-13 18:42:17.172000,0.061,no pick,no pick
texnet2024udyv,MB06,2024-10-13 18:42:16.456500,0.373,no pick,no pick
texnet2024udyv,SM04,2024-10-13 18:42:14.029000,0.12,2024-10-13 18:42:58.749000,0.061
texnet2024udyw,BB01,2024-10-13 18:40:22.547000,0.031,no pick,no pick
texnet2024udyw,GV01,2024-10-13 18:40:20.391000,0.001,no pick,no pick
texnet2024udyw,GV02,2024-10-13 18:40:22.531000,0.006999999999999999,no pick,no pick
texnet2024udyw,MB11,2024-10-13 18:40:22.700000,0.062,no pick,no pick
texnet2024udyw,SN09,2024-10-13 18:40:22.255000,0.026000000000000002,2024-10-13 18:40:33.515000,0.089
texnet2024udyp,GV03,2024-10-13 18:33:14.477000,0.363,no pick,no pick
texnet2024udyp,MB18,2024-10-13 18:33:17.300000,0.055999999999999994,no pick,no pick
texnet2024udyp,MB21,2024-10-13 18:33:16.310000,0.006,no pick,no pick
texnet2024udyp,MBBB4,2024-10-13 18:33:17.256000,0.005,no pick,no pick
texnet2024udyp,YK01,2024-10-13 18:33:17.068000,0.015,no pick,no pick
texnet2024udwy,BW01,2024-10-13 17:43:12.239000,0.879,2024-10-13 17:43:22.529000,0.052
texnet2024udwy,CW01,2024-10-13 17:43:11.901000,0.451,no pick,no pick
texnet2024udwy,HP01,2024-10-13 17:43:13.202460,0.759,2024-10-13 17:43:41.732460,0.166
texnet2024udwy,MB03,2024-10-13 17:43:15.113500,0.23600000000000002,no pick,no pick
texnet2024udwy,MB05,2024-10-13 17:43:14.629500,0.251,no pick,no pick
texnet2024udwy,MB14,2024-10-13 17:43:14.668000,0.001,no pick,no pick
texnet2024udwy,MG01,2024-10-13 17:43:13.847629,0.14300000000000002,no pick,no pick
texnet2024udwv,HP01,2024-10-13 17:39:34.921584,0.036000000000000004,no pick,no pick
texnet2024udwv,MB05,2024-10-13 17:39:35.009500,0.513,no pick,no pick
texnet2024udwv,MB07,2024-10-13 17:39:36.232000,0.006999999999999999,no pick,no pick
texnet2024udwv,YK01,2024-10-13 17:39:35.572000,0.066,no pick,no pick
texnet2024udwh,MB21,2024-10-13 17:22:39.155000,0.09300000000000001,2024-10-13 17:22:52.465000,0.268
texnet2024udwh,MB23,2024-10-13 17:22:40.093500,0.005,no pick,no pick
texnet2024udwh,MID03,2024-10-13 17:22:39.215000,0.002,no pick,no pick
texnet2024udwh,SM03,2024-10-13 17:22:38.309000,0.006,2024-10-13 17:23:18.719000,0.039
texnet2024udwh,YK01,2024-10-13 17:22:40.148000,0.004,no pick,no pick
texnet2024udvp,HP01,2024-10-13 17:02:12.913209,0.282,2024-10-13 17:02:18.303209,0.411
texnet2024udvp,MB02,2024-10-13 17:02:13.811500,0.008,no pick,no pick
texnet2024udvp,MB11,2024-10-13 17:02:12.400000,0.006,no pick,no pick
texnet2024udvp,MB21,2024-10-13 17:02:13.575000,0.017,no pick,no pick
texnet2024udvp,OG04,2024-10-13 17:02:14.468000,0.011000000000000001,no pick,no pick
texnet2024udvp,YK01,2024-10-13 17:02:14.652000,0.068,no pick,no pick
texnet2024uduv,HP01,2024-10-13 16:38:44.288392,0.008,no pick,no pick
texnet2024uduv,MB09,2024-10-13 16:38:42.950000,0.124,2024-10-13 16:38:49.360000,0.039
texnet2024uduv,MBBB5,2024-10-13 16:38:45.188000,0.081,no pick,no pick
texnet2024uduv,OP01,2024-10-13 16:38:42.547000,0.005,2024-10-13 16:39:23.157000,0.421
texnet2024uduv,SN09,2024-10-13 16:38:44.255000,0.003,2024-10-13 16:38:52.775000,0.084
texnet2024udtr,BB01,2024-10-13 16:03:36.007000,0.004,no pick,no pick
texnet2024udtr,CW01,2024-10-13 16:03:36.061000,0.737,2024-10-13 16:04:06.181000,0.088
texnet2024udtr,MB05,2024-10-13 16:03:38.149500,0.17,no pick,no pick
texnet2024udtr,MB18,2024-10-13 16:03:37.595000,0.135,no pick,no pick
texnet2024udss,MB06,2024-10-13 15:34:15.396500,0.017,2024-10-13 15:34:51.876500,0.023
texnet2024udss,MB14,2024-10-13 15:34:16.158000,0.135,no pick,no pick
texnet2024udss,MB18,2024-10-13 15:34:15.145000,0.068,no pick,no pick
texnet2024udss,MID03,2024-10-13 15:34:16.725000,0.001,no pick,no pick
texnet2024udss,VW01,2024-10-13 15:34:15.217000,0.004,no pick,no pick
texnet2024ucjb,HP01,2024-10-12 21:32:12.989022,0.45899999999999996,no pick,no pick
texnet2024ucjb,MB11,2024-10-12 21:32:09.480000,0.003,no pick,no pick
texnet2024ucjb,ODSA,2024-10-12 21:32:09.900000,0.009000000000000001,no pick,no pick
texnet2024ucjb,YK01,2024-10-12 21:32:09.836000,0.01,no pick,no pick
texnet2024uceg,CW01,2024-10-12 19:07:24.151000,0.158,no pick,no pick
texnet2024uceg,GV03,2024-10-12 19:07:24.757000,0.02,no pick,no pick
texnet2024uceg,MB04,2024-10-12 19:07:27.468000,0.002,no pick,no pick
texnet2024uceg,MB05,2024-10-12 19:07:26.179500,0.002,no pick,no pick
texnet2024uceg,MBBB3,2024-10-12 19:07:27.228000,0.002,no pick,no pick
texnet2024uceg,SN02,2024-10-12 19:07:26.025000,0.013000000000000001,no pick,no pick
texnet2024uccr,GV02,2024-10-12 18:10:49.451000,0.008,no pick,no pick
texnet2024uccr,MB21,2024-10-12 18:10:43.235000,0.28800000000000003,no pick,no pick
texnet2024uccr,MBBB5,2024-10-12 18:10:44.452000,0.021,no pick,no pick
texnet2024uccr,SGCY,2024-10-12 18:10:44.865000,0.267,no pick,no pick
texnet2024ucar,BW01,2024-10-12 17:19:33.459000,0.036000000000000004,no pick,no pick
texnet2024ucar,CF01,2024-10-12 17:19:34.801000,0.013000000000000001,no pick,no pick
texnet2024ucar,HP01,2024-10-12 17:19:34.187151,0.012,no pick,no pick
texnet2024ucar,MB05,2024-10-12 17:19:35.469500,0.005,no pick,no pick
texnet2024ucar,MB14,2024-10-12 17:19:34.840000,0.002,no pick,no pick
texnet2024ucar,MB21,2024-10-12 17:19:34.175000,0.185,no pick,no pick
texnet2024ucar,MBBB4,2024-10-12 17:19:35.290000,0.385,no pick,no pick
texnet2024ucar,SM03,2024-10-12 17:19:32.339000,0.565,no pick,no pick
texnet2024ubal,BW01,2024-10-12 04:04:30.179000,0.212,no pick,no pick
texnet2024ubal,MB02,2024-10-12 04:04:31.278500,0.006,no pick,no pick
texnet2024ubal,MB04,2024-10-12 04:04:32.076000,0.009000000000000001,no pick,no pick
texnet2024ubal,OG01,2024-10-12 04:05:03.456000,0.002,no pick,no pick
texnet2024ubal,OP01,2024-10-12 04:04:29.795000,0.071,no pick,no pick
texnet2024uaka,HP01,2024-10-11 19:49:24.291990,0.132,no pick,no pick
texnet2024uaka,MB05,2024-10-11 19:49:24.116500,0.266,no pick,no pick
texnet2024uaka,MID02,2024-10-11 19:49:24.335000,0.17800000000000002,no pick,no pick
texnet2024uaka,MID03,2024-10-11 19:49:25.575000,0.002,no pick,no pick
texnet2024uaka,ODSA,2024-10-11 19:49:24.320000,0.079,no pick,no pick
texnet2024uaka,SM02,2024-10-11 19:49:22.099000,0.10400000000000001,no pick,no pick
texnet2024uaka,SN02,2024-10-11 19:49:25.005000,0.166,no pick,no pick
texnet2024uajt,GV03,2024-10-11 19:38:20.787000,0.046,2024-10-11 19:38:30.707000,0.039
texnet2024uajt,MB04,2024-10-11 19:39:06.600000,0.002,no pick,no pick
texnet2024uajt,MB16,2024-10-11 19:38:21.280000,0.008,no pick,no pick
texnet2024uajt,MID03,2024-10-11 19:38:23.035000,0.011000000000000001,no pick,no pick
texnet2024uajt,SM03,2024-10-11 19:38:21.639000,0.02,no pick,no pick
texnet2024uajt,VW01,2024-10-11 19:38:22.317000,0.008,no pick,no pick
texnet2024uaji,HP01,2024-10-11 19:24:29.924826,0.09,2024-10-11 19:25:13.934826,0.055
texnet2024uaji,MB04,2024-10-11 19:24:30.608000,0.005,no pick,no pick
texnet2024uaji,MB06,2024-10-11 19:24:30.432500,0.003,no pick,no pick
texnet2024uaji,MB09,2024-10-11 19:24:30.120000,0.004,no pick,no pick
texnet2024uaji,MB14,2024-10-11 19:24:30.728000,0.021,no pick,no pick
texnet2024uaji,SN02,2024-10-11 19:24:30.015000,0.002,no pick,no pick
texnet2024uahy,HP01,2024-10-11 18:43:40.823403,0.008,no pick,no pick
texnet2024uahy,MB04,2024-10-11 18:43:42.664000,0.023,no pick,no pick
texnet2024uahy,MB21,2024-10-11 18:43:39.850000,0.002,no pick,no pick
texnet2024uahy,VW01,2024-10-11 18:43:37.747000,0.004,no pick,no pick
texnet2024uagc,GV02,2024-10-11 17:47:15.751000,0.002,no pick,no pick
texnet2024uagc,MB04,2024-10-11 17:47:16.824000,0.02,no pick,no pick
texnet2024uagc,MB07,2024-10-11 17:47:17.152000,0.05,2024-10-11 17:47:50.762000,0.215
texnet2024uagc,SN02,2024-10-11 17:47:16.860000,0.063,no pick,no pick
texnet2024uaab,CW01,2024-10-11 14:43:52.231000,0.28600000000000003,2024-10-11 14:44:36.931000,0.072
texnet2024uaab,POST,2024-10-11 14:43:54.935000,0.188,2024-10-11 14:44:39.045000,0.26
texnet2024uaab,SM02,2024-10-11 14:43:53.259000,0.185,no pick,no pick
texnet2024uaab,SM04,2024-10-11 14:43:52.829000,0.01,no pick,no pick
texnet2024uaab,YK01,2024-10-11 14:43:55.280000,0.008,no pick,no pick
texnet2024tzym,MB11,2024-10-11 13:57:29.480000,0.047,no pick,no pick
texnet2024tzym,MG01,2024-10-11 13:57:28.779947,0.565,no pick,no pick
texnet2024tzym,SN09,2024-10-11 13:57:29.655000,0.013999999999999999,no pick,no pick
texnet2024tzyb,MB16,2024-10-11 13:42:45.020000,0.434,no pick,no pick
texnet2024tzyb,ODSA,2024-10-11 13:42:46.645000,0.003,2024-10-11 13:42:57.365000,0.072
texnet2024tzyb,POST,2024-10-11 13:42:46.395000,0.20199999999999999,no pick,no pick
texnet2024tzyb,SD01,2024-10-11 13:42:45.403000,0.348,2024-10-11 13:42:50.913000,0.296
texnet2024tzvf,MB04,2024-10-11 12:18:06.144000,0.226,no pick,no pick
texnet2024tzvf,MB16,2024-10-11 12:18:05.020000,0.002,no pick,no pick
texnet2024tzvf,MB18,2024-10-11 12:18:05.205000,0.001,no pick,no pick
texnet2024tzvf,VW01,2024-10-11 12:18:04.567000,0.013999999999999999,no pick,no pick
texnet2024tzuk,MB02,2024-10-11 11:52:00.123500,0.396,2024-10-11 11:52:08.283500,0.047
texnet2024tzuk,MB18,2024-10-11 11:52:00.835000,0.008,no pick,no pick
texnet2024tzuk,ODSA,2024-10-11 11:52:00.070000,0.009000000000000001,no pick,no pick
texnet2024tzuk,OP01,2024-10-11 11:51:58.635000,0.002,2024-10-11 11:52:39.875000,0.481
texnet2024tzug,MB12,2024-10-11 11:48:33.450000,0.001,no pick,no pick
texnet2024tzug,MB16,2024-10-11 11:48:31.130000,0.16899999999999998,no pick,no pick
texnet2024tzug,MID03,2024-10-11 11:48:34.195000,0.003,no pick,no pick
texnet2024tzug,ODSA,2024-10-11 11:48:33.895000,0.084,no pick,no pick
texnet2024tzto,HP01,2024-10-11 11:25:52.403613,0.231,no pick,no pick
texnet2024tzto,SGCY,2024-10-11 11:25:53.195000,0.033,no pick,no pick
texnet2024tzbj,MB07,2024-10-11 02:12:55.624000,0.639,no pick,no pick
texnet2024tzbj,MB21,2024-10-11 02:12:55.475000,0.003,no pick,no pick
texnet2024tzbj,ODSA,2024-10-11 02:12:56.415000,0.005,no pick,no pick
texnet2024tzbj,OP01,2024-10-11 02:12:53.029000,0.008,no pick,no pick
texnet2024tzbj,VW01,2024-10-11 02:12:54.427000,0.068,2024-10-11 02:12:55.977000,0.572
texnet2024tyxe,DKNS,2024-10-11 00:08:00.200000,0.055999999999999994,2024-10-11 00:08:10.030000,0.07
texnet2024tyxe,HP01,2024-10-11 00:07:59.932444,0.013999999999999999,no pick,no pick
texnet2024tyxe,MB07,2024-10-11 00:07:59.528000,0.46399999999999997,no pick,no pick
texnet2024tyxe,MBBB6,2024-10-11 00:08:00.672000,0.08900000000000001,no pick,no pick
texnet2024tyxe,MNHN,2024-10-11 00:07:58.320000,0.595,2024-10-11 00:08:00.420000,0.298
texnet2024tyxe,MNHN,2024-10-11 00:08:40.320000,0.09,2024-10-11 00:09:04.170000,0.227
texnet2024tyvu,MB11,2024-10-10 23:24:01.840000,0.018000000000000002,no pick,no pick
texnet2024tyvu,OP01,2024-10-10 23:24:01.199000,0.002,2024-10-10 23:24:37.199000,0.711
texnet2024tyvn,MB18,2024-10-10 23:16:59.225000,0.27699999999999997,no pick,no pick
texnet2024tyvn,MG01,2024-10-10 23:16:59.045885,0.237,no pick,no pick
texnet2024tyvn,OP01,2024-10-10 23:16:57.599000,0.278,2024-10-10 23:17:41.589000,0.22
texnet2024tyvn,POST,2024-10-10 23:17:00.610000,0.035,no pick,no pick
texnet2024tyut,MB11,2024-10-10 22:50:50.520000,0.003,2024-10-10 22:50:56.560000,0.26
texnet2024tyut,MID02,2024-10-10 22:51:39.705000,0.002,no pick,no pick
texnet2024tyut,POST,2024-10-10 22:50:52.450000,0.261,no pick,no pick
texnet2024tyut,SM02,2024-10-10 22:50:50.679000,0.7859999999999999,no pick,no pick
texnet2024tyut,VW01,2024-10-10 22:50:50.807000,0.055,no pick,no pick
texnet2024tytu,GV03,2024-10-10 22:26:31.827000,0.02,no pick,no pick
texnet2024tytu,MB02,2024-10-10 22:26:33.438500,0.006999999999999999,no pick,no pick
texnet2024tytu,MB03,2024-10-10 22:26:33.559500,0.01,no pick,no pick
texnet2024tytu,SM02,2024-10-10 22:26:31.759000,0.366,no pick,no pick
texnet2024tytd,CF01,2024-10-10 22:06:00.281000,0.037000000000000005,no pick,no pick
texnet2024tytd,MB11,2024-10-10 22:06:01.100000,0.052000000000000005,no pick,no pick
texnet2024tytd,MB18,2024-10-10 22:06:01.835000,0.011000000000000001,no pick,no pick
texnet2024tytd,SD01,2024-10-10 22:06:00.563000,0.611,no pick,no pick
texnet2024tytd,VW01,2024-10-10 22:06:00.227000,0.203,2024-10-10 22:06:09.917000,0.025
texnet2024tyrn,BW01,2024-10-10 21:17:56.599000,0.055999999999999994,no pick,no pick
texnet2024tyrn,MB04,2024-10-10 21:17:58.924000,0.02,2024-10-10 21:18:09.014000,0.037
texnet2024tyrn,MB11,2024-10-10 21:17:57.280000,0.034,no pick,no pick
texnet2024tyrn,MB14,2024-10-10 21:17:59.020000,0.107,no pick,no pick
texnet2024tyrn,MBBB6,2024-10-10 21:17:59.660000,0.006,no pick,no pick
texnet2024tyra,BW01,2024-10-10 21:02:24.879000,0.012,no pick,no pick
texnet2024tyra,MB10,2024-10-10 21:02:25.595000,0.002,no pick,no pick
texnet2024tyra,MB11,2024-10-10 21:02:25.470000,0.003,no pick,no pick
texnet2024tyra,MNHN,2024-10-10 21:02:25.020000,0.078,2024-10-10 21:02:36.410000,0.115
texnet2024tyra,SGCY,2024-10-10 21:02:28.925000,0.006999999999999999,no pick,no pick
texnet2024tyra,SM02,2024-10-10 21:02:24.059000,0.009000000000000001,no pick,no pick
texnet2024tyqz,BB01,2024-10-10 20:58:58.487000,0.002,no pick,no pick
texnet2024tyqz,OP01,2024-10-10 20:58:57.479000,0.004,no pick,no pick
texnet2024tyqz,SGCY,2024-10-10 20:58:58.865000,0.075,no pick,no pick
texnet2024tyqo,MBBB6,2024-10-10 20:46:48.528000,0.001,no pick,no pick
texnet2024tyqo,MID02,2024-10-10 20:46:47.075000,0.126,no pick,no pick
texnet2024tyqm,GV01,2024-10-10 20:46:17.731000,0.059000000000000004,no pick,no pick
texnet2024tyqm,MB18,2024-10-10 20:46:19.195000,0.012,no pick,no pick
texnet2024tyqm,MB23,2024-10-10 20:46:18.804500,0.006999999999999999,no pick,no pick
texnet2024tyqm,SD01,2024-10-10 20:46:17.403000,0.22699999999999998,no pick,no pick
texnet2024typc,GV03,2024-10-10 20:03:43.357000,0.14400000000000002,no pick,no pick
texnet2024typc,MB01,2024-10-10 20:03:45.229500,0.019,no pick,no pick
texnet2024typc,MG01,2024-10-10 20:03:43.926611,0.002,no pick,no pick
texnet2024typc,MID02,2024-10-10 20:03:44.055000,0.159,no pick,no pick
texnet2024tyoe,CW01,2024-10-10 19:36:03.401000,0.042,no pick,no pick
texnet2024tyoe,MB16,2024-10-10 19:36:01.710000,0.008,no pick,no pick
texnet2024tyoe,MB22,2024-10-10 19:36:02.980000,0.237,no pick,no pick
texnet2024tyoe,POST,2024-10-10 19:36:03.590000,0.188,2024-10-10 19:36:16.530000,0.347
texnet2024tynw,GV03,2024-10-10 19:25:57.647000,0.002,2024-10-10 19:26:36.847000,0.02
texnet2024tynw,MB11,2024-10-10 19:25:58.030000,0.008,no pick,no pick
texnet2024tynw,MG01,2024-10-10 19:25:58.121320,0.001,no pick,no pick
texnet2024tynw,VW01,2024-10-10 19:25:56.297000,0.11800000000000001,no pick,no pick
texnet2024tynu,CW01,2024-10-10 19:24:39.481000,0.011000000000000001,2024-10-10 19:24:45.751000,0.092
texnet2024tynu,MBBB6,2024-10-10 19:24:40.220000,0.052000000000000005,no pick,no pick
texnet2024tynu,SD01,2024-10-10 19:24:36.973000,0.08199999999999999,2024-10-10 19:24:38.703000,0.042
texnet2024tynu,SM02,2024-10-10 19:24:37.489000,0.07,no pick,no pick
texnet2024tynz,GV02,2024-10-10 19:19:22.531000,0.012,no pick,no pick
texnet2024tynz,HP02,2024-10-10 19:19:23.923825,0.001,no pick,no pick
texnet2024tynz,MB23,2024-10-10 19:19:22.584500,0.42200000000000004,no pick,no pick
texnet2024tynz,MG01,2024-10-10 19:19:26.850442,0.003,no pick,no pick
texnet2024tynp,MB03,2024-10-10 19:17:08.843500,0.01,no pick,no pick
texnet2024tynp,MBBB5,2024-10-10 19:17:09.006000,0.046,no pick,no pick
texnet2024tyoc,HP02,2024-10-10 19:16:32.211836,0.004,no pick,no pick
texnet2024tyoc,MB11,2024-10-10 19:16:32,0.01,no pick,no pick
texnet2024tyoc,MBBB6,2024-10-10 19:16:32.016000,0.022000000000000002,no pick,no pick
texnet2024tyni,HP01,2024-10-10 19:10:14.087255,0.304,2024-10-10 19:10:16.487255,0.039
texnet2024tyni,MB03,2024-10-10 19:10:15.033500,0.035,no pick,no pick
texnet2024tyni,OP01,2024-10-10 19:10:12.579000,0.831,no pick,no pick
texnet2024tynd,MBBB5,2024-10-10 19:04:16.128000,0.006,no pick,no pick
texnet2024tynd,MBBB6,2024-10-10 19:04:16.468000,0.002,no pick,no pick
texnet2024tynd,MG01,2024-10-10 19:04:13.848410,0.899,2024-10-10 19:05:03.618410,0.031
texnet2024tynd,SN09,2024-10-10 19:04:16.165000,0.008,no pick,no pick
texnet2024tymr,CW01,2024-10-10 18:49:40.801000,0.109,no pick,no pick
texnet2024tymr,HP01,2024-10-10 18:49:41.941407,0.146,2024-10-10 18:49:48.801407,0.501
texnet2024tymr,MB03,2024-10-10 18:49:43.763500,0.028999999999999998,2024-10-10 18:49:58.713500,0.124
texnet2024tymr,MB09,2024-10-10 18:49:42.840000,0.107,no pick,no pick
texnet2024tymr,MNHN,2024-10-10 18:49:42.905000,0.039,no pick,no pick
texnet2024tymk,MB04,2024-10-10 18:40:29.660000,0.606,no pick,no pick
texnet2024tymk,MB05,2024-10-10 18:40:29.046500,0.077,2024-10-10 18:40:38.166500,0.07
texnet2024tymk,MG01,2024-10-10 18:40:28.695385,0.002,no pick,no pick
texnet2024tymk,SN02,2024-10-10 18:40:29.850000,0.011000000000000001,no pick,no pick
texnet2024tymk,VW01,2024-10-10 18:40:28.007000,0.017,no pick,no pick
texnet2024tylz,833A,2024-10-10 18:27:14.115000,0.6629999999999999,2024-10-10 18:27:24.805000,0.033
texnet2024tylz,EF05,2024-10-10 18:27:15.330000,0.054000000000000006,2024-10-10 18:27:25.910000,0.527
texnet2024tylz,FW04,2024-10-10 18:27:16.504500,0.218,2024-10-10 18:27:40.224500,0.142
texnet2024tylz,FW15,2024-10-10 18:27:16.052500,0.40399999999999997,no pick,no pick
texnet2024tylz,MB16,2024-10-10 18:27:15.140000,0.023,no pick,no pick
texnet2024tylz,ODSA,2024-10-10 18:27:15.425000,0.067,2024-10-10 18:27:19.955000,0.306
texnet2024tylz,ODSA,2024-10-10 18:28:27.425000,0.05,2024-10-10 18:28:58.655000,0.561
texnet2024tylz,OZNA,2024-10-10 18:27:15.185000,0.39799999999999996,no pick,no pick
texnet2024tylz,SGCY,2024-10-10 18:27:15.715000,0.057999999999999996,2024-10-10 18:27:20.175000,0.022
texnet2024tylm,MB22,2024-10-10 18:13:05.350000,0.005,no pick,no pick
texnet2024tylm,MNHN,2024-10-10 18:13:04.605000,0.025,2024-10-10 18:13:14.255000,0.098
texnet2024tylm,ODSA,2024-10-10 18:13:05.160000,0.034,no pick,no pick
texnet2024tylm,SM04,2024-10-10 18:13:04.379000,0.004,no pick,no pick
texnet2024tylk,MB01,2024-10-10 18:09:28.719500,0.016,no pick,no pick
texnet2024tylk,MB05,2024-10-10 18:09:29.256500,0.583,no pick,no pick
texnet2024tylk,MB13,2024-10-10 18:09:28.230000,0.08199999999999999,2024-10-10 18:10:17.980000,0.04
texnet2024tylk,MB21,2024-10-10 18:09:28.470000,0.013999999999999999,no pick,no pick
texnet2024tyle,BW01,2024-10-10 18:03:36.499000,0.002,2024-10-10 18:03:40.549000,0.12
texnet2024tyle,CW01,2024-10-10 18:03:36.541000,0.024,2024-10-10 18:04:11.781000,0.079
texnet2024tyle,HP01,2024-10-10 18:03:39.928942,0.002,no pick,no pick
texnet2024tyle,MB18,2024-10-10 18:03:39.030000,0.002,no pick,no pick
texnet2024tyle,OP01,2024-10-10 18:03:36.919000,0.128,2024-10-10 18:04:15.479000,0.058
texnet2024tyle,SD01,2024-10-10 18:03:37.203000,0.14,2024-10-10 18:03:48.803000,0.057
texnet2024tykm,BW01,2024-10-10 17:44:24.979000,0.872,no pick,no pick
texnet2024tykm,MB06,2024-10-10 17:44:27.972500,0.003,no pick,no pick
texnet2024tykm,MB11,2024-10-10 17:44:25.740000,0.004,no pick,no pick
texnet2024tykm,MB16,2024-10-10 17:44:26.090000,0.687,no pick,no pick
texnet2024tykm,SE01,2024-10-10 17:44:27.483000,0.003,2024-10-10 17:44:59.573000,0.054
texnet2024tyjg,BB01,2024-10-10 17:06:27.387000,0.003,no pick,no pick
texnet2024tyjg,CW01,2024-10-10 17:06:25.581000,0.862,2024-10-10 17:06:56.171000,0.463
texnet2024tyjg,MB16,2024-10-10 17:06:26.610000,0.062,no pick,no pick
texnet2024tyjg,MB21,2024-10-10 17:06:27.630000,0.07,no pick,no pick
texnet2024tyjg,POST,2024-10-10 17:06:27.490000,0.057999999999999996,no pick,no pick
texnet2024tyjg,SM02,2024-10-10 17:06:27.769000,0.084,no pick,no pick
texnet2024tyjf,GV01,2024-10-10 17:03:10.011000,0.845,2024-10-10 17:03:50.201000,0.284
texnet2024tyjf,HP01,2024-10-10 17:03:43.264485,0.247,2024-10-10 17:03:46.224485,0.096
texnet2024tyjf,MB03,2024-10-10 17:03:15.763500,0.004,no pick,no pick
texnet2024tyjf,MB05,2024-10-10 17:03:12.396500,0.006999999999999999,no pick,no pick
texnet2024tyjf,MBBB5,2024-10-10 17:03:13.148000,0.002,no pick,no pick
texnet2024tyjb,MB11,2024-10-10 17:00:54.890000,0.051,no pick,no pick
texnet2024tyjb,MBBB5,2024-10-10 17:00:55.304000,0.048,no pick,no pick
texnet2024tyjb,POST,2024-10-10 17:00:54.445000,0.45899999999999996,no pick,no pick
texnet2024tyjb,SM03,2024-10-10 17:00:52.159000,0.024,no pick,no pick
texnet2024tyjb,SN09,2024-10-10 17:00:55.615000,0.001,2024-10-10 17:01:04.935000,0.177
texnet2024tyix,MB03,2024-10-10 16:56:21.763500,0.003,no pick,no pick
texnet2024tyix,MB07,2024-10-10 16:56:21.632000,0.155,2024-10-10 16:56:56.772000,0.028
texnet2024tyix,MB09,2024-10-10 16:56:19.690000,0.015,no pick,no pick
texnet2024tyix,MBBB4,2024-10-10 16:56:22.744000,0.024,no pick,no pick
texnet2024tyix,MNHN,2024-10-10 16:56:50.160000,0.281,2024-10-10 16:57:11.080000,0.383
texnet2024tyit,MB07,2024-10-10 16:51:54.192000,0.019,no pick,no pick
texnet2024tyit,MB16,2024-10-10 16:51:51.220000,0.26,no pick,no pick
texnet2024tyit,MNHN,2024-10-10 16:51:52.935000,0.013999999999999999,no pick,no pick
texnet2024tyit,SGCY,2024-10-10 16:51:53.045000,0.002,no pick,no pick
texnet2024tyit,SM03,2024-10-10 16:51:53.069000,0.013999999999999999,no pick,no pick
texnet2024tyig,GV02,2024-10-10 16:36:45.371000,0.079,2024-10-10 16:36:50.661000,0.048
texnet2024tyig,MB03,2024-10-10 16:36:45.583500,0.036000000000000004,no pick,no pick
texnet2024tyig,MB11,2024-10-10 16:36:44.930000,0.782,2024-10-10 16:36:55.350000,0.092
texnet2024tyig,MO01,2024-10-10 16:36:46.143000,0.01,no pick,no pick
texnet2024tyig,OP01,2024-10-10 16:36:44.139000,0.09,2024-10-10 16:37:26.809000,0.12
texnet2024tyig,POST,2024-10-10 16:36:46.025000,0.366,no pick,no pick
texnet2024tyht,GV04,2024-10-10 16:21:04.579000,0.032,no pick,no pick
texnet2024tyht,MB07,2024-10-10 16:21:05.480000,0.006999999999999999,no pick,no pick
texnet2024tyht,MB09,2024-10-10 16:21:04.390000,0.583,2024-10-10 16:21:25.890000,0.045
texnet2024tyht,SM02,2024-10-10 16:21:04.179000,0.285,2024-10-10 16:21:11.379000,0.046
texnet2024tyhx,GV02,2024-10-10 16:18:19.431000,0.409,no pick,no pick
texnet2024tyhx,MB09,2024-10-10 16:18:19.640000,0.3,2024-10-10 16:18:30.090000,0.313
texnet2024tyhx,SN09,2024-10-10 16:18:19.735000,0.01,no pick,no pick
texnet2024tyhp,GV02,2024-10-10 16:15:28.621000,0.5720000000000001,2024-10-10 16:15:38.641000,0.188
texnet2024tyhp,MBBB3,2024-10-10 16:15:30.120000,0.001,no pick,no pick
texnet2024tyhp,SD01,2024-10-10 16:15:28.213000,0.375,no pick,no pick
texnet2024tyhp,SM02,2024-10-10 16:15:27.299000,0.035,no pick,no pick
texnet2024tyhi,BB01,2024-10-10 16:07:16.507000,0.028999999999999998,no pick,no pick
texnet2024tyhi,MB11,2024-10-10 16:07:15.870000,0.149,no pick,no pick
texnet2024tyhi,MG01,2024-10-10 16:07:15.952758,0.001,no pick,no pick
texnet2024tyhi,MID02,2024-10-10 16:07:16.175000,0.259,no pick,no pick
texnet2024tyhi,MNHN,2024-10-10 16:07:16.535000,0.14,2024-10-10 16:07:57.645000,0.4
texnet2024tygn,MB09,2024-10-10 15:44:18.030000,0.89,no pick,no pick
texnet2024tygn,MB11,2024-10-10 15:44:42.190000,0.001,2024-10-10 15:44:28.320000,0.024
texnet2024tygn,SM02,2024-10-10 15:44:17.999000,0.205,no pick,no pick
texnet2024tygi,BB01,2024-10-10 15:26:48.147000,0.040999999999999995,no pick,no pick
texnet2024tygi,HP01,2024-10-10 15:26:51.027796,0.011000000000000001,no pick,no pick
texnet2024tygi,HP02,2024-10-10 15:26:49.121622,0.45,no pick,no pick
texnet2024tygi,MB03,2024-10-10 15:26:50.524500,0.012,no pick,no pick
texnet2024tygi,MBBB5,2024-10-10 15:27:00.424000,0.134,no pick,no pick
texnet2024tygi,SGCY,2024-10-10 15:26:50.425000,0.248,no pick,no pick
texnet2024tygg,GV01,2024-10-10 15:20:20.901000,0.49,2024-10-10 15:20:26.721000,0.05
texnet2024tygg,MB03,2024-10-10 15:20:21.204500,0.01,no pick,no pick
texnet2024tygg,SN09,2024-10-10 15:20:22.455000,0.001,no pick,no pick
texnet2024tyfr,BB01,2024-10-10 15:14:01.847000,0.025,2024-10-10 15:14:06.087000,0.038
texnet2024tyfr,MB02,2024-10-10 15:14:01.448500,0.017,no pick,no pick
texnet2024tyfr,MB06,2024-10-10 15:14:01.473500,0.7190000000000001,2024-10-10 15:14:33.343500,0.033
texnet2024tyfr,MB21,2024-10-10 15:14:02.625000,0.038,2024-10-10 15:14:19.115000,0.11
texnet2024tyfr,ODSA,2024-10-10 15:14:01.680000,0.022000000000000002,2024-10-10 15:14:05.180000,0.189
texnet2024tyfn,BB01,2024-10-10 15:07:48.767000,0.177,no pick,no pick
texnet2024tyfn,MB05,2024-10-10 15:07:49.566500,0.003,no pick,no pick
texnet2024tyfn,MB06,2024-10-10 15:07:50.333500,0.018000000000000002,no pick,no pick
texnet2024tyfn,MBBB6,2024-10-10 15:07:50.216000,0.001,no pick,no pick
texnet2024tyfn,SM02,2024-10-10 15:07:47.889000,0.861,no pick,no pick
texnet2024tyfn,SM04,2024-10-10 15:07:49.059000,0.02,no pick,no pick
texnet2024tyfm,BB01,2024-10-10 15:06:44.567000,0.006,2024-10-10 15:06:56.677000,0.248
texnet2024tyfm,MB04,2024-10-10 15:06:51.730000,0.009000000000000001,2024-10-10 15:06:55.150000,0.19
texnet2024tyfm,MB06,2024-10-10 15:06:45.033500,0.10800000000000001,no pick,no pick
texnet2024tyfm,MB14,2024-10-10 15:06:46.222000,0.29600000000000004,2024-10-10 15:06:51.842000,0.021
texnet2024tyfm,MID03,2024-10-10 15:06:45.925000,0.006,no pick,no pick
texnet2024tyfm,ODSA,2024-10-10 15:06:45.025000,0.016,no pick,no pick
texnet2024tyfi,HP01,2024-10-10 15:04:44.115316,0.151,no pick,no pick
texnet2024tyfi,MB06,2024-10-10 15:04:43.613500,0.465,no pick,no pick
texnet2024tyfi,MB22,2024-10-10 15:04:43.210000,0.003,2024-10-10 15:05:16.520000,0.081
texnet2024tyfi,SM02,2024-10-10 15:04:42.599000,0.002,no pick,no pick
texnet2024tyfi,SM04,2024-10-10 15:04:40.959000,0.196,no pick,no pick
texnet2024tyfi,SN02,2024-10-10 15:04:43.870000,0.17800000000000002,no pick,no pick
texnet2024tyfu,MB11,2024-10-10 14:56:49.820000,0.55,no pick,no pick
texnet2024tyfu,MBBB5,2024-10-10 14:56:51.820000,0.005,no pick,no pick
texnet2024tyfu,OP01,2024-10-10 14:56:49.899000,0.3,no pick,no pick
texnet2024tyec,BB01,2024-10-10 14:29:44.407000,0.002,no pick,no pick
texnet2024tyec,HP01,2024-10-10 14:29:44.082179,0.006999999999999999,2024-10-10 14:29:49.792179,0.119
texnet2024tyec,MB09,2024-10-10 14:29:43.510000,0.002,no pick,no pick
texnet2024tyec,MB11,2024-10-10 14:29:42.480000,0.88,2024-10-10 14:29:45.270000,0.049
texnet2024tyec,ODSA,2024-10-10 14:29:44.970000,0.003,2024-10-10 14:29:55.710000,0.128
texnet2024tyea,GV01,2024-10-10 14:23:57.541000,0.45299999999999996,2024-10-10 14:24:07.321000,0.16
texnet2024tyea,GV02,2024-10-10 14:23:59.231000,0.002,no pick,no pick
texnet2024tyea,MB03,2024-10-10 14:23:59.709500,0.22,2024-10-10 14:24:12.929500,0.549
texnet2024tyea,MID01,2024-10-10 14:24:00.265000,0.001,no pick,no pick
texnet2024tyea,ODSA,2024-10-10 14:23:59.930000,0.528,no pick,no pick
texnet2024tyea,OP01,2024-10-10 14:23:57.399000,0.055,no pick,no pick
texnet2024tydy,DKNS,2024-10-10 14:22:43.530000,0.753,2024-10-10 14:22:53.400000,0.375
texnet2024tydy,GV01,2024-10-10 14:22:41.171000,0.856,2024-10-10 14:23:25.001000,0.196
texnet2024tydy,HP01,2024-10-10 14:22:42.651659,0.035,2024-10-10 14:22:45.241659,0.174
texnet2024tydy,MB03,2024-10-10 14:22:43.409500,0.05,2024-10-10 14:23:27.639500,0.238
texnet2024tydy,MB09,2024-10-10 14:22:42.710000,0.031,no pick,no pick
texnet2024tydy,MBBB4,2024-10-10 14:22:44.200000,0.045,no pick,no pick
texnet2024tydv,GV02,2024-10-10 14:21:52.631000,0.001,no pick,no pick
texnet2024tydv,MB02,2024-10-10 14:21:52.228500,0.042,2024-10-10 14:22:19.858500,0.086
texnet2024tydv,MB21,2024-10-10 14:21:51.650000,0.002,no pick,no pick
texnet2024tydv,MBBB4,2024-10-10 14:21:52.388000,0.001,no pick,no pick
texnet2024tydv,ODSA,2024-10-10 14:21:52.280000,0.018000000000000002,no pick,no pick
texnet2024tydv,OZNA,2024-10-10 14:21:51.565000,0.033,no pick,no pick
texnet2024tyds,MB11,2024-10-10 14:17:39,0.003,no pick,no pick
texnet2024tyds,MB21,2024-10-10 14:17:39.445000,0.005,no pick,no pick
texnet2024tyds,MG01,2024-10-10 14:17:40.326495,0.008,no pick,no pick
texnet2024tyds,SN09,2024-10-10 14:17:43.875000,0.002,no pick,no pick
texnet2024tycq,MB13,2024-10-10 13:45:35.340000,0.004,no pick,no pick
texnet2024tycq,POST,2024-10-10 13:45:36.945000,0.073,no pick,no pick
texnet2024tycq,SN09,2024-10-10 13:45:36.295000,0.006,no pick,no pick
texnet2024txlg,DKNS,2024-10-10 04:58:54.280000,0.077,2024-10-10 04:59:01.930000,0.1
texnet2024txlg,HP01,2024-10-10 04:58:53.101550,0.004,no pick,no pick
texnet2024txlg,MB07,2024-10-10 04:58:54.592000,0.012,no pick,no pick
texnet2024txlg,MB13,2024-10-10 04:58:54.360000,0.002,no pick,no pick
texnet2024txlg,SM03,2024-10-10 04:58:52.379000,0.606,2024-10-10 04:59:06.299000,0.109
texnet2024txlg,YK01,2024-10-10 04:58:55.276000,0.002,no pick,no pick
texnet2024txdk,MB18,2024-10-10 01:01:05.985000,0.025,no pick,no pick
texnet2024txdk,MB21,2024-10-10 01:01:05.120000,0.08900000000000001,2024-10-10 01:01:48.450000,0.178
texnet2024txdk,SM02,2024-10-10 01:01:04.719000,0.04,2024-10-10 01:01:47.129000,0.033
texnet2024txdk,VW01,2024-10-10 01:01:04.857000,0.009000000000000001,2024-10-10 01:01:13.747000,0.024
texnet2024txcg,BB01,2024-10-10 00:26:09.387000,0.002,no pick,no pick
texnet2024txcg,GV02,2024-10-10 00:26:10.651000,0.006,no pick,no pick
texnet2024txcg,MBBB6,2024-10-10 00:26:11.136000,0.003,no pick,no pick
texnet2024txcg,POST,2024-10-10 00:26:11.325000,0.10099999999999999,no pick,no pick
texnet2024twza,GV02,2024-10-09 22:46:59.411000,0.001,no pick,no pick
texnet2024twza,MB03,2024-10-09 22:46:59.887500,0.344,2024-10-09 22:47:10.507500,0.153
texnet2024twza,MB04,2024-10-09 22:47:00.472000,0.008,no pick,no pick
texnet2024twza,MB09,2024-10-09 22:46:58.300000,0.034,2024-10-09 22:47:32.130000,0.184
texnet2024twza,MG01,2024-10-09 22:46:58.698517,0.013999999999999999,no pick,no pick
texnet2024twza,VW01,2024-10-09 22:46:58.057000,0.245,2024-10-09 22:47:46.607000,0.368
texnet2024twza,YK01,2024-10-09 22:46:59.672000,0.002,no pick,no pick
texnet2024twwh,BB01,2024-10-09 21:25:05.717000,0.006,no pick,no pick
texnet2024twwh,BW01,2024-10-09 21:25:03.299000,0.004,2024-10-09 21:25:19.129000,0.056
texnet2024twwh,MB07,2024-10-09 21:25:05.536000,0.005,no pick,no pick
texnet2024twwh,SD01,2024-10-09 21:25:03.853000,0.883,no pick,no pick
texnet2024twwh,SE01,2024-10-09 21:25:05.633000,0.019,no pick,no pick
texnet2024twun,DKNS,2024-10-09 20:31:52.030000,0.002,no pick,no pick
texnet2024twun,HP01,2024-10-09 20:31:52.273259,0.092,2024-10-09 20:32:27.883259,0.201
texnet2024twun,MB02,2024-10-09 20:31:52.048500,0.013000000000000001,no pick,no pick
texnet2024twun,MB03,2024-10-09 20:31:52.417500,0.32299999999999995,no pick,no pick
texnet2024twun,MB21,2024-10-09 20:31:52.890000,0.024,no pick,no pick
texnet2024twun,ODSA,2024-10-09 20:31:52.440000,0.002,2024-10-09 20:31:56.670000,0.214
texnet2024twun,SD01,2024-10-09 20:31:50.853000,0.053,2024-10-09 20:31:54.323000,0.058
texnet2024twun,SM04,2024-10-09 20:32:34.229000,0.085,2024-10-09 20:32:35.279000,0.369
texnet2024twun,SM04,2024-10-09 20:32:34.229000,0.515,2024-10-09 20:32:35.279000,0.445
texnet2024twsj,MB03,2024-10-09 19:20:08.067500,0.013999999999999999,no pick,no pick
texnet2024twsj,OP01,2024-10-09 19:20:07.099000,0.013999999999999999,2024-10-09 19:20:49.589000,0.041
texnet2024twrg,HP01,2024-10-09 18:51:59.925693,0.005,no pick,no pick
texnet2024twrg,MB21,2024-10-09 18:51:57.965000,0.679,2024-10-09 18:52:09.655000,0.025
texnet2024twrg,POST,2024-10-09 18:51:58.945000,0.046,no pick,no pick
texnet2024twrg,VW01,2024-10-09 18:51:59.077000,0.24100000000000002,2024-10-09 18:52:08.217000,0.406
texnet2024twrg,YK01,2024-10-09 18:51:58.648000,0.002,no pick,no pick
texnet2024twpl,MB03,2024-10-09 17:40:14.107500,0.013000000000000001,no pick,no pick
texnet2024twpl,OP01,2024-10-09 17:40:13.099000,0.037000000000000005,2024-10-09 17:40:26.339000,0.507
texnet2024twpl,POST,2024-10-09 17:40:14.035000,0.037000000000000005,no pick,no pick
texnet2024twpl,SM03,2024-10-09 17:40:13.839000,0.47600000000000003,2024-10-09 17:40:15.529000,0.076
texnet2024twoc,GV03,2024-10-09 17:17:47.637000,0.013999999999999999,no pick,no pick
texnet2024twoc,MB02,2024-10-09 17:17:48.468500,0.361,no pick,no pick
texnet2024twoc,MB06,2024-10-09 17:17:48.233500,0.08199999999999999,no pick,no pick
texnet2024twoc,OP01,2024-10-09 17:17:46.039000,0.504,2024-10-09 17:18:31.359000,0.536
texnet2024twoc,SD01,2024-10-09 17:17:46.063000,0.006999999999999999,2024-10-09 17:17:47.313000,0.061
texnet2024twnj,HP01,2024-10-09 16:36:12.475400,0.004,2024-10-09 16:36:05.585400,0.057
texnet2024twnj,SN09,2024-10-09 16:35:37.760000,0.033,no pick,no pick
texnet2024twmh,BB01,2024-10-09 16:19:21.987000,0.018000000000000002,no pick,no pick
texnet2024twmh,MB03,2024-10-09 16:19:22.807500,0.004,2024-10-09 16:19:35.357500,0.024
texnet2024twmh,MB04,2024-10-09 16:19:22.920000,0.015,no pick,no pick
texnet2024twlt,MB03,2024-10-09 16:04:43.187500,0.14,2024-10-09 16:04:59.597500,0.027
texnet2024twlt,MB06,2024-10-09 16:04:43.743500,0.588,no pick,no pick
texnet2024twlt,MB18,2024-10-09 16:04:43.270000,0.551,no pick,no pick
texnet2024twlt,MID01,2024-10-09 16:04:43.855000,0.01,no pick,no pick
texnet2024twlt,ODSA,2024-10-09 16:04:43.950000,0.09300000000000001,no pick,no pick
texnet2024twlt,SM02,2024-10-09 16:04:43.749000,0.01,no pick,no pick
texnet2024twlt,SN02,2024-10-09 16:04:43.420000,0.242,no pick,no pick
texnet2024twkt,GV01,2024-10-09 15:35:17.741000,0.49700000000000005,2024-10-09 15:36:02.221000,0.11
texnet2024twkt,MB02,2024-10-09 15:35:19.368500,0.006999999999999999,2024-10-09 15:35:55.918500,0.547
texnet2024twkt,SGCY,2024-10-09 15:35:19.870000,0.34,2024-10-09 15:35:57.070000,0.11900000000000001
texnet2024twib,MB02,2024-10-09 14:13:57.168500,0.779,no pick,no pick
texnet2024twib,MB11,2024-10-09 14:13:57.390000,0.001,no pick,no pick
texnet2024twib,MBBB4,2024-10-09 14:13:58.392000,0.40299999999999997,no pick,no pick
texnet2024twgn,BB01,2024-10-09 13:27:23.487000,0.032,no pick,no pick
texnet2024twgn,CF01,2024-10-09 13:27:24.261000,0.003,no pick,no pick
texnet2024twgn,SM03,2024-10-09 13:27:21.689000,0.019,no pick,no pick
texnet2024twgg,GV01,2024-10-09 13:19:34.591000,0.517,no pick,no pick
texnet2024twgg,MB03,2024-10-09 13:19:36.357500,0.09,2024-10-09 13:19:52.367500,0.037
texnet2024twgg,MB06,2024-10-09 13:19:35.993500,0.013999999999999999,no pick,no pick
texnet2024twgg,POST,2024-10-09 13:19:36.200000,0.051,no pick,no pick
texnet2024twft,HP01,2024-10-09 13:04:15.860901,0.003,2024-10-09 13:04:19.210901,0.031
texnet2024twft,MB07,2024-10-09 13:04:17.760000,0.057999999999999996,no pick,no pick
texnet2024twft,MB16,2024-10-09 13:04:14.460000,0.035,no pick,no pick
texnet2024twft,ODSA,2024-10-09 13:04:16.625000,0.003,no pick,no pick
texnet2024twez,HP02,2024-10-09 12:41:06.053514,0.006999999999999999,no pick,no pick
texnet2024twez,SGCY,2024-10-09 12:41:06.090000,0.107,2024-10-09 12:41:07.420000,0.804
texnet2024twan,MB16,2024-10-09 10:26:12.840000,0.013000000000000001,no pick,no pick
texnet2024twan,MBBB6,2024-10-09 10:26:14.236000,0.504,no pick,no pick
texnet2024twan,POST,2024-10-09 10:26:13.900000,0.087,no pick,no pick
texnet2024twan,SM04,2024-10-09 10:26:11.859000,0.005,2024-10-09 10:26:52.009000,0.161
texnet2024twan,VW01,2024-10-09 10:26:11.947000,0.124,2024-10-09 10:26:16.757000,0.038
texnet2024tvwf,BB01,2024-10-09 08:14:41.167000,0.001,no pick,no pick
texnet2024tvwf,MB02,2024-10-09 08:14:37.378500,0.009000000000000001,no pick,no pick
texnet2024tvwf,MB05,2024-10-09 08:14:37.126500,0.096,no pick,no pick
texnet2024tvwf,MB22,2024-10-09 08:14:37.440000,0.002,no pick,no pick
texnet2024tvtu,BB01,2024-10-09 07:00:38.707000,0.013000000000000001,no pick,no pick
texnet2024tvtu,GV03,2024-10-09 07:00:36.517000,0.27399999999999997,no pick,no pick
texnet2024tvtu,MB02,2024-10-09 07:00:38.178500,0.026000000000000002,no pick,no pick
texnet2024tvtu,ODSA,2024-10-09 07:00:38.110000,0.003,no pick,no pick
texnet2024tvtu,OG04,2024-10-09 07:01:06.572000,0.005,2024-10-09 07:01:06.812000,0.326
texnet2024tvtu,POST,2024-10-09 07:00:38.620000,0.132,no pick,no pick
texnet2024tvth,BB01,2024-10-09 06:47:03.677000,0.004,no pick,no pick
texnet2024tvth,MB04,2024-10-09 06:47:01.732000,0.023,no pick,no pick
texnet2024tvth,SM04,2024-10-09 06:46:59.699000,0.025,2024-10-09 06:47:31.029000,0.751
texnet2024tvop,MB21,2024-10-09 04:24:32.905000,0.008,2024-10-09 04:24:12.205000,0.7440000000000001
texnet2024tvpd,OP01,2024-10-09 04:20:42.299000,0.27699999999999997,2024-10-09 04:20:50.829000,0.341
texnet2024tvpd,SGCY,2024-10-09 04:20:43.080000,0.069,no pick,no pick
texnet2024tvpd,SN09,2024-10-09 04:20:45.170000,0.018000000000000002,no pick,no pick
texnet2024tvks,BB01,2024-10-09 02:26:00.727000,0.276,no pick,no pick
texnet2024tvks,MB04,2024-10-09 02:26:00.932000,0.071,2024-10-09 02:26:07.342000,0.022
texnet2024tvks,MB07,2024-10-09 02:26:00.592000,0.002,no pick,no pick
texnet2024tvks,MB22,2024-10-09 02:25:59.980000,0.012,no pick,no pick
texnet2024tvks,POST,2024-10-09 02:26:00.630000,0.261,no pick,no pick
texnet2024tvks,SM03,2024-10-09 02:25:58.729000,0.008,no pick,no pick
texnet2024tvhl,MB06,2024-10-09 00:47:42.163500,0.019,no pick,no pick
texnet2024tvhl,MB07,2024-10-09 00:47:42.440000,0.004,no pick,no pick
texnet2024tvhl,MB19,2024-10-09 00:47:42.143500,0.001,no pick,no pick
texnet2024tvhl,SM03,2024-10-09 00:47:42.009000,0.005,no pick,no pick
texnet2024tvhl,YK01,2024-10-09 00:47:42.556000,0.039,no pick,no pick
texnet2024tupu,MB03,2024-10-08 15:51:30.353500,0.051,no pick,no pick
texnet2024tupu,MB06,2024-10-08 15:51:30.653500,0.001,no pick,no pick
texnet2024tupu,MB23,2024-10-08 15:51:30.503500,0.40299999999999997,no pick,no pick
texnet2024tupu,MBBB6,2024-10-08 15:51:31.236000,0.016,no pick,no pick
texnet2024tupu,SE01,2024-10-08 15:51:30.363000,0.261,no pick,no pick
texnet2024tuob,MB07,2024-10-08 14:55:21.576000,0.06,no pick,no pick
texnet2024tuob,MB11,2024-10-08 14:55:21.630000,0.03,no pick,no pick
texnet2024tuob,MB16,2024-10-08 14:55:18.120000,0.473,2024-10-08 14:55:24.190000,0.039
texnet2024tuob,MB18,2024-10-08 14:55:21.030000,0.015,no pick,no pick
texnet2024tuob,OP01,2024-10-08 14:55:19.235000,0.013999999999999999,no pick,no pick
texnet2024tuob,SM03,2024-10-08 14:55:19.759000,0.003,no pick,no pick
texnet2024tuoa,MB05,2024-10-08 14:54:44.506500,0.003,no pick,no pick
texnet2024tuoa,MB06,2024-10-08 14:54:44.633500,0.001,no pick,no pick
texnet2024tuoa,MB11,2024-10-08 14:54:43.670000,0.111,no pick,no pick
texnet2024tuoa,MID02,2024-10-08 14:54:45.695000,0.002,no pick,no pick
texnet2024tuoa,SD01,2024-10-08 14:54:43.893000,0.085,2024-10-08 14:54:44.743000,0.032
texnet2024tunn,CW01,2024-10-08 14:42:12.581000,0.89,no pick,no pick
texnet2024tunn,GV02,2024-10-08 14:42:14.471000,0.027000000000000003,no pick,no pick
texnet2024tunn,MB03,2024-10-08 14:42:15.123500,0.06,no pick,no pick
texnet2024tunn,MB06,2024-10-08 14:42:13.993500,0.767,no pick,no pick
texnet2024tunn,MB13,2024-10-08 14:42:13.080000,0.057,no pick,no pick
texnet2024tunn,MBBB4,2024-10-08 14:42:15.408000,0.006,no pick,no pick
texnet2024tunn,MID03,2024-10-08 14:42:14.975000,0.005,no pick,no pick
texnet2024tunn,OE01,2024-10-08 14:42:15.379000,0.005,no pick,no pick
texnet2024tunn,OG02,2024-10-08 14:42:15.410000,0.324,2024-10-08 14:42:33.090000,0.029
texnet2024tunn,VW01,2024-10-08 14:42:12.767000,0.021,no pick,no pick
texnet2024tunn,VW01,2024-10-08 14:42:48.577000,0.003,no pick,no pick
texnet2024tunl,CW01,2024-10-08 14:38:52.281000,0.039,no pick,no pick
texnet2024tunl,GV02,2024-10-08 14:38:54.961000,0.002,no pick,no pick
texnet2024tunl,GV03,2024-10-08 14:38:53.257000,0.027999999999999997,no pick,no pick
texnet2024tunl,MB18,2024-10-08 14:38:55.035000,0.001,no pick,no pick
texnet2024tunl,POST,2024-10-08 14:38:54.155000,0.07200000000000001,no pick,no pick
texnet2024tunl,SM04,2024-10-08 14:38:53.319000,0.006,no pick,no pick
texnet2024tunf,MB05,2024-10-08 14:07:11.176500,0.604,2024-10-08 14:07:55.216500,0.67
texnet2024tumf,HP01,2024-10-08 14:02:44.243018,0.151,no pick,no pick
texnet2024tumf,MB18,2024-10-08 14:02:44.120000,0.001,no pick,no pick
texnet2024tumf,MBBB6,2024-10-08 14:02:45.256000,0.423,no pick,no pick
texnet2024tumf,SE01,2024-10-08 14:02:44.543000,0.081,no pick,no pick
texnet2024tstg,MB13,2024-10-07 15:09:32.340000,0.006999999999999999,no pick,no pick
texnet2024tstg,VW01,2024-10-07 15:09:32.277000,0.629,no pick,no pick
texnet2024tstb,CW01,2024-10-07 15:01:02.761000,0.021,2024-10-07 15:01:19.351000,0.023
texnet2024tsri,GV01,2024-10-07 14:18:19.971000,0.58,2024-10-07 14:18:50.241000,0.076
texnet2024tsri,MB03,2024-10-07 14:18:22.622500,0.015,no pick,no pick
texnet2024tsri,SM04,2024-10-07 14:18:20.309000,0.003,2024-10-07 14:18:24.059000,0.02
texnet2024tsrd,MB05,2024-10-07 14:12:52.996500,0.02,no pick,no pick
texnet2024tsrd,OP01,2024-10-07 14:12:52.563000,0.057,no pick,no pick
texnet2024tsrd,VW01,2024-10-07 14:12:51.557000,0.264,2024-10-07 14:13:14.827000,0.263
texnet2024tlkb,MB03,2024-10-03 14:44:34.254500,0.040999999999999995,no pick,no pick
texnet2024tlkb,MB11,2024-10-03 14:44:33.600000,0.047,no pick,no pick
texnet2024tlkb,MBBB6,2024-10-03 14:44:35.474000,0.006999999999999999,no pick,no pick
texnet2024tlkb,SGCY,2024-10-03 14:44:34.180000,0.002,no pick,no pick
texnet2024tlho,HP01,2024-10-03 13:28:09.923776,0.001,no pick,no pick
texnet2024tlho,MB06,2024-10-03 13:28:08.752500,0.025,no pick,no pick
texnet2024tlho,MID03,2024-10-03 13:28:09.425000,0.105,no pick,no pick
texnet2024tlho,ODSA,2024-10-03 13:28:08.415000,0.8109999999999999,no pick,no pick
texnet2024tlho,OP01,2024-10-03 13:28:07.447000,0.386,no pick,no pick
texnet2024tlho,POST,2024-10-03 13:28:08.295000,0.354,2024-10-03 13:28:13.165000,0.087
texnet2024tlho,VW01,2024-10-03 13:28:06.637000,0.065,no pick,no pick
texnet2024tlhk,BW01,2024-10-03 13:24:10.839000,0.003,no pick,no pick
texnet2024tlhk,MB11,2024-10-03 13:24:12.370000,0.001,no pick,no pick
texnet2024tlhk,MB19,2024-10-03 13:24:12.718500,0.002,no pick,no pick
texnet2024tlhk,YK01,2024-10-03 13:24:13.292000,0.005,no pick,no pick
texnet2024tlhl,GV01,2024-10-03 13:23:41.311000,0.006999999999999999,no pick,no pick
texnet2024tlhl,MBBB6,2024-10-03 13:23:42.156000,0.013999999999999999,no pick,no pick
texnet2024tlhl,POST,2024-10-03 13:23:41.575000,0.317,no pick,no pick
texnet2024tlhl,SM03,2024-10-03 13:23:38.299000,0.327,no pick,no pick
texnet2024tlgj,MB05,2024-10-03 12:53:40.960500,0.08900000000000001,no pick,no pick
texnet2024tlgj,MBBB6,2024-10-03 12:53:42.178000,0.12,no pick,no pick
texnet2024tlgj,POST,2024-10-03 12:53:41.135000,0.1,no pick,no pick
texnet2024tlfh,BB01,2024-10-03 12:21:08.417000,0.005,no pick,no pick
texnet2024tlfh,OP01,2024-10-03 12:21:07.377000,0.175,no pick,no pick
texnet2024tlfh,POST,2024-10-03 12:21:08.255000,0.003,no pick,no pick
texnet2024tlfh,SM02,2024-10-03 12:21:07.299000,0.001,2024-10-03 12:21:45.699000,0.084
texnet2024tleo,GV03,2024-10-03 11:58:09.877000,0.002,no pick,no pick
texnet2024tleo,GV04,2024-10-03 11:58:07.559000,0.341,no pick,no pick
texnet2024tleo,MB23,2024-10-03 11:58:09.509500,0.018000000000000002,no pick,no pick
texnet2024tleo,MBBB6,2024-10-03 11:58:10.010000,0.18,2024-10-03 11:58:18.500000,0.495
texnet2024tleo,MNHN,2024-10-03 11:58:09.060000,0.052000000000000005,2024-10-03 11:58:36.750000,0.022
texnet2024tleo,ODSA,2024-10-03 11:58:09.080000,0.27899999999999997,2024-10-03 11:58:49.650000,0.023
texnet2024tlal,MBBB4,2024-10-03 09:53:25.552000,0.001,no pick,no pick
texnet2024tlal,OG02,2024-10-03 09:53:24.056000,0.006,no pick,no pick
texnet2024tlal,OP01,2024-10-03 09:53:22.817000,0.603,no pick,no pick
texnet2024tlal,SM02,2024-10-03 09:53:22.189000,0.12,no pick,no pick
texnet2024tkhf,BB01,2024-10-02 23:58:17.647000,0.066,no pick,no pick
texnet2024tkhf,MB02,2024-10-02 23:58:19.209500,0.027999999999999997,no pick,no pick
texnet2024tkhf,MB13,2024-10-02 23:58:17.860000,0.10800000000000001,no pick,no pick
texnet2024tkhf,MB22,2024-10-02 23:58:19.140000,0.003,no pick,no pick
texnet2024tkhf,MNHN,2024-10-02 23:58:20.290000,0.013000000000000001,2024-10-02 23:58:49.990000,0.337
texnet2024tkhf,MO01,2024-10-02 23:58:17.233000,0.205,no pick,no pick
texnet2024tkhf,ODSA,2024-10-02 23:58:20.145000,0.068,2024-10-02 23:58:58.335000,0.268
texnet2024tkhf,OP01,2024-10-02 23:58:17.317000,0.775,no pick,no pick
texnet2024tkhf,SD01,2024-10-02 23:58:18.443000,0.9159999999999999,2024-10-02 23:58:47.273000,0.543
texnet2024tkgw,HP01,2024-10-02 23:54:17.124605,0.004,no pick,no pick
texnet2024tkgw,MB03,2024-10-02 23:54:09.812500,0.004,no pick,no pick
texnet2024tkgw,MB23,2024-10-02 23:54:09.495500,0.051,2024-10-02 23:54:19.595500,0.043
texnet2024tkgw,MNHN,2024-10-02 23:54:09.475000,0.004,no pick,no pick
texnet2024tkgw,POST,2024-10-02 23:54:09.475000,0.024,no pick,no pick
texnet2024tkgq,MB03,2024-10-02 23:51:30.212500,0.184,no pick,no pick
texnet2024tkgq,OP01,2024-10-02 23:51:28.697000,0.16899999999999998,no pick,no pick
texnet2024tkfv,BB01,2024-10-02 23:28:54.657000,0.003,no pick,no pick
texnet2024tkfv,BW01,2024-10-02 23:28:53.919000,0.008,no pick,no pick
texnet2024tkfv,GV03,2024-10-02 23:28:55.817000,0.5529999999999999,2024-10-02 23:29:01.967000,0.236
texnet2024tkfv,GV03,2024-10-02 23:29:35.797000,0.025,no pick,no pick
texnet2024tkfv,MID03,2024-10-02 23:28:56.315000,0.011000000000000001,no pick,no pick
texnet2024tkfv,SM04,2024-10-02 23:28:54.539000,0.018000000000000002,no pick,no pick
texnet2024tkfk,MBBB5,2024-10-02 23:02:59.916000,0.106,no pick,no pick
texnet2024tkfk,MBBB6,2024-10-02 23:03:00.156000,0.006,no pick,no pick
texnet2024tkfk,SGCY,2024-10-02 23:02:59.620000,0.08,2024-10-02 23:03:11.700000,0.036
texnet2024tkfk,SN09,2024-10-02 23:03:04.680000,0.6779999999999999,no pick,no pick
texnet2024tkds,BB01,2024-10-02 22:23:07.237000,0.03,no pick,no pick
texnet2024tkds,HP01,2024-10-02 22:23:09.923662,0.10800000000000001,2024-10-02 22:23:14.513662,0.06
texnet2024tkds,MB04,2024-10-02 22:23:09.652000,0.005,2024-10-02 22:23:17.802000,0.022
texnet2024tkds,MB05,2024-10-02 22:23:08.980500,0.019,2024-10-02 22:23:45.070500,0.181
texnet2024tkds,MID02,2024-10-02 22:23:09.585000,0.003,2024-10-02 22:23:19.595000,0.024
texnet2024tkds,MNHN,2024-10-02 22:23:08.535000,0.004,no pick,no pick
texnet2024tkds,OP01,2024-10-02 22:23:07.647000,0.07200000000000001,2024-10-02 22:23:48.157000,0.166
texnet2024tkds,SM02,2024-10-02 22:23:07.579000,0.040999999999999995,no pick,no pick
texnet2024tkbn,CW01,2024-10-02 21:07:39.701000,0.052000000000000005,no pick,no pick
texnet2024tkbn,GV03,2024-10-02 21:07:40.277000,0.251,no pick,no pick
texnet2024tkbn,MB11,2024-10-02 21:07:39.970000,0.28800000000000003,2024-10-02 21:08:30.520000,0.022
texnet2024tkbn,OP01,2024-10-02 21:07:38.867000,0.203,no pick,no pick
texnet2024tkbn,SGCY,2024-10-02 21:07:40.080000,0.21100000000000002,no pick,no pick
texnet2024tkbn,SN02,2024-10-02 21:07:44.480000,0.122,2024-10-02 21:08:11.060000,0.18
texnet2024tkax,MB01,2024-10-02 20:54:54.417500,0.02,no pick,no pick
texnet2024tkax,MB03,2024-10-02 20:54:55.042500,0.358,no pick,no pick
texnet2024tkax,MB11,2024-10-02 20:54:53.520000,0.006999999999999999,no pick,no pick
texnet2024tkax,MID02,2024-10-02 20:54:54.805000,0.021,2024-10-02 20:55:01.215000,0.027
texnet2024tkax,MO01,2024-10-02 20:54:52.923000,0.011000000000000001,no pick,no pick
texnet2024tkax,ODSA,2024-10-02 20:54:54.035000,0.07200000000000001,no pick,no pick
texnet2024tkax,SD01,2024-10-02 20:54:52.093000,0.043,2024-10-02 20:55:42.243000,0.274
texnet2024tkax,SM03,2024-10-02 20:54:52.859000,0.001,no pick,no pick
texnet2024tkah,CF01,2024-10-02 20:29:35.141000,0.01,no pick,no pick
texnet2024tkah,GV01,2024-10-02 20:29:33.211000,0.141,no pick,no pick
texnet2024tkah,MB11,2024-10-02 20:29:33.680000,0.257,no pick,no pick
texnet2024tkah,MB21,2024-10-02 20:29:39.275000,0.015,no pick,no pick
texnet2024tkah,MNHN,2024-10-02 20:29:34.370000,0.313,2024-10-02 20:29:52.030000,0.22
texnet2024tkah,SM03,2024-10-02 20:29:33.549000,0.031,2024-10-02 20:29:42.609000,0.08
texnet2024tjvx,BB01,2024-10-02 18:19:27.337000,0.006,no pick,no pick
texnet2024tjvx,HP01,2024-10-02 18:19:30.912841,0.013000000000000001,2024-10-02 18:19:33.302841,0.783
texnet2024tjvx,MBBB6,2024-10-02 18:19:29.614000,0.294,no pick,no pick
texnet2024tjvx,OP01,2024-10-02 18:19:27.007000,0.02,2024-10-02 18:19:36.227000,0.067
texnet2024tjvx,SD01,2024-10-02 18:19:26.243000,0.419,no pick,no pick
texnet2024tjvx,YK01,2024-10-02 18:19:28.884000,0.023,no pick,no pick
texnet2024tjvw,GV03,2024-10-02 18:18:23.377000,0.095,no pick,no pick
texnet2024tjvw,MB02,2024-10-02 18:18:23.169500,0.011000000000000001,no pick,no pick
texnet2024tjvw,MB09,2024-10-02 18:18:21.780000,0.005,no pick,no pick
texnet2024tjvw,MB16,2024-10-02 18:18:20.970000,0.113,2024-10-02 18:18:24.520000,0.046
texnet2024tjvn,CW01,2024-10-02 18:11:54.101000,0.094,no pick,no pick
texnet2024tjvn,MB03,2024-10-02 18:11:55.592500,0.585,no pick,no pick
texnet2024tjvn,MB16,2024-10-02 18:11:53.610000,0.006,no pick,no pick
texnet2024tjvn,MB22,2024-10-02 18:11:55.140000,0.011000000000000001,no pick,no pick
texnet2024tjvn,MB23,2024-10-02 18:11:56.025500,0.04,2024-10-02 18:12:00.615500,0.164
texnet2024tjvn,VW01,2024-10-02 18:11:55.767000,0.231,no pick,no pick
texnet2024tjui,MB01,2024-10-02 17:33:02.251500,0.001,no pick,no pick
texnet2024tjui,MB02,2024-10-02 17:33:02.744500,0.026000000000000002,no pick,no pick
texnet2024tjui,MB18,2024-10-02 17:33:03.355000,0.019,no pick,no pick
texnet2024tjtq,MB05,2024-10-02 17:09:04.090500,0.023,no pick,no pick
texnet2024tjtq,MID01,2024-10-02 17:09:04.330000,0.006999999999999999,no pick,no pick
texnet2024tjtq,MID03,2024-10-02 17:09:04.285000,0.027999999999999997,no pick,no pick
texnet2024tjtq,MNHN,2024-10-02 17:09:03.945000,0.21,2024-10-02 17:09:31.495000,0.302
texnet2024tjtq,MO01,2024-10-02 17:09:02.443000,0.03,no pick,no pick
texnet2024tjtq,OP01,2024-10-02 17:09:02.937000,0.011000000000000001,2024-10-02 17:09:19.847000,0.066
texnet2024tjte,MB09,2024-10-02 16:54:11.230000,0.002,no pick,no pick
texnet2024tjte,MB21,2024-10-02 16:54:13.135000,0.075,no pick,no pick
texnet2024tjte,MB23,2024-10-02 16:54:12.585500,0.008,no pick,no pick
texnet2024tjte,MBBB6,2024-10-02 16:54:13.648000,0.005,no pick,no pick
texnet2024tjte,MID01,2024-10-02 16:54:12.785000,0.054000000000000006,no pick,no pick
texnet2024tjte,MID03,2024-10-02 16:54:12.685000,0.002,no pick,no pick
texnet2024tjsu,BB01,2024-10-02 16:45:16.207000,0.001,no pick,no pick
texnet2024tjsu,GV03,2024-10-02 16:45:09.617000,0.004,2024-10-02 16:45:46.457000,0.038
texnet2024tjsu,MB03,2024-10-02 16:45:11.242500,0.135,2024-10-02 16:45:22.192500,0.059
texnet2024tjsu,MB06,2024-10-02 16:45:11.072500,0.11,no pick,no pick
texnet2024tjsu,MBBB6,2024-10-02 16:45:12.544000,0.004,no pick,no pick
texnet2024tjsu,OP01,2024-10-02 16:45:11.117000,0.03,no pick,no pick
texnet2024tjsi,MB03,2024-10-02 16:30:01.032500,0.001,no pick,no pick
texnet2024tjsi,MB21,2024-10-02 16:30:01.580000,0.08900000000000001,no pick,no pick
texnet2024tjsi,OP01,2024-10-02 16:30:02.377000,0.040999999999999995,no pick,no pick
texnet2024tjsi,VW01,2024-10-02 16:29:59.487000,0.15,no pick,no pick
texnet2024tjrp,MB02,2024-10-02 16:09:22.444500,0.012,no pick,no pick
texnet2024tjrp,MB11,2024-10-02 16:09:23.630000,0.005,no pick,no pick
texnet2024tjqu,MB22,2024-10-02 15:49:22.460000,0.02,no pick,no pick
texnet2024tjqu,SM03,2024-10-02 15:49:21.499000,0.001,no pick,no pick
texnet2024tjqu,YK01,2024-10-02 15:49:22.980000,0.005,no pick,no pick
texnet2024tjqd,GV01,2024-10-02 15:30:58.381000,0.221,no pick,no pick
texnet2024tjqd,MB11,2024-10-02 15:30:59.010000,0.18600000000000003,no pick,no pick
texnet2024tjqd,ODSA,2024-10-02 15:31:00.125000,0.146,2024-10-02 15:31:43.955000,0.106
texnet2024tjqd,OZNA,2024-10-02 15:31:00.505000,0.002,2024-10-02 15:31:41.295000,0.313
texnet2024tjph,GV04,2024-10-02 15:03:55.339000,0.228,no pick,no pick
texnet2024tjph,MB06,2024-10-02 15:03:57.777500,0.036000000000000004,no pick,no pick
texnet2024tjph,POST,2024-10-02 15:03:57.755000,0.35700000000000004,no pick,no pick
texnet2024tjph,SGCY,2024-10-02 15:03:57.770000,0.092,no pick,no pick
texnet2024tjpz,MB11,2024-10-02 15:01:08.090000,0.009000000000000001,2024-10-02 15:01:13.700000,0.05
texnet2024tjpz,OP01,2024-10-02 15:01:07.277000,0.247,2024-10-02 15:01:08.087000,0.032
texnet2024tjpz,SN09,2024-10-02 15:01:12.840000,0.003,no pick,no pick
texnet2024tjol,BB01,2024-10-02 14:28:57.477000,0.001,no pick,no pick
texnet2024tjol,HP01,2024-10-02 14:28:58.030502,0.011000000000000001,no pick,no pick
texnet2024tjol,MB11,2024-10-02 14:28:57.090000,0.131,no pick,no pick
texnet2024tjol,MBBB4,2024-10-02 14:28:58.280000,0.018000000000000002,no pick,no pick
texnet2024tjol,MID02,2024-10-02 14:28:57.225000,0.006999999999999999,no pick,no pick
